<!-- Copyright (c) 2017 IBM Corp.
 
  Licensed under the Apache License, Version 2.0 (the "License");
  you may not use this file except in compliance with the License.
  You may obtain a copy of the License at
 
     http://www.apache.org/licenses/LICENSE-2.0
 
  Unless required by applicable law or agreed to in writing, software
  distributed under the License is distributed on an "AS IS" BASIS,
  WITHOUT WARRANTIES OR CONDITIONS OF ANY KIND, either express or implied.
  See the License for the specific language governing permissions and
  limitations under the License.-->
<server description="MetricsSample">

    <featureManager>
      <feature>jsp-2.3</feature>
      <feature>monitor-1.0</feature>
    	<feature>restConnector-2.0</feature>
    </featureManager>


    <httpEndpoint httpPort="${default.http.port}" httpsPort="${default.https.port}" host="*"
        id="defaultHttpEndpoint">
    <tcpOptions soReuseAddr="true"/>
    
    </httpEndpoint>

    <application name="Metrics Sample" context-root="${appContext}" location="${appLocation}" type="war"></application>
    <quickStartSecurity userName="user" userPassword="{xor}Lz4sLCgwLTs="></quickStartSecurity>
    <keyStore id="defaultKeyStore" password="Liberty">
    </keyStore>
</server>
